region_id,station_id,weight
alsace,67005001,0.009434
alsace,67021001,0.009434
alsace,67027001,0.009434
alsace,67029001,0.009434
alsace,67067001,0.009434
alsace,67077003,0.009434
alsace,67083002,0.009434
alsace,67090001,0.009434
alsace,67115001,0.009434
alsace,67122001,0.009434
alsace,67124001,0.009434
alsace,67126002,0.009434
alsace,67130003,0.009434
alsace,67151001,0.009434
alsace,67165003,0.009434
alsace,67165006,0.009434
alsace,67180001,0.009434
alsace,67180008,0.009434
alsace,67186001,0.009434
alsace,67186002,0.009434
alsace,67210001,0.009434
alsace,67210002,0.009434
alsace,67210006,0.009434
alsace,67261003,0.009434
alsace,67263001,0.009434
alsace,67273001,0.009434
alsace,67296001,0.009434
alsace,67309001,0.009434
alsace,67362001,0.009434
alsace,67368002,0.009434
alsace,67379001,0.009434
alsace,67414001,0.009434
alsace,67420001,0.009434
alsace,67421001,0.009434
alsace,67421004,0.009434
alsace,67435001,0.009434
alsace,67437003,0.009434
alsace,67443001,0.009434
alsace,67462004,0.009434
alsace,67463002,0.009434
alsace,67476001,0.009434
alsace,67476002,0.009434
alsace,67482001,0.009434
alsace,67498001,0.009434
alsace,67507003,0.009434
alsace,67513001,0.009434
alsace,67516001,0.009434
alsace,67519001,0.009434
alsace,67519002,0.009434
alsace,67535001,0.009434
alsace,67544003,0.009434
alsace,67555001,0.009434
alsace,68004001,0.009434
alsace,68014001,0.009434
alsace,68015001,0.009434
alsace,68028001,0.009434
alsace,68040001,0.009434
alsace,68051001,0.009434
alsace,68062001,0.009434
alsace,68066001,0.009434
alsace,68066004,0.009434
alsace,68090001,0.009434
alsace,68095001,0.009434
alsace,68102001,0.009434
alsace,68105001,0.009434
alsace,68112005,0.009434
alsace,68137001,0.009434
alsace,68157001,0.009434
alsace,68162001,0.009434
alsace,68165001,0.009434
alsace,68167001,0.009434
alsace,68171001,0.009434
alsace,68171002,0.009434
alsace,68179001,0.009434
alsace,68188002,0.009434
alsace,68190001,0.009434
alsace,68192001,0.009434
alsace,68205001,0.009434
alsace,68210002,0.009434
alsace,68221001,0.009434
alsace,68224006,0.009434
alsace,68226003,0.009434
alsace,68226005,0.009434
alsace,68231001,0.009434
alsace,68241001,0.009434
alsace,68247001,0.009434
alsace,68247003,0.009434
alsace,68249002,0.009434
alsace,68249003,0.009434
alsace,68249005,0.009434
alsace,68269004,0.009434
alsace,68269005,0.009434
alsace,68287001,0.009434
alsace,68287003,0.009434
alsace,68294001,0.009434
alsace,68294002,0.009434
alsace,68297001,0.009434
alsace,68298006,0.009434
alsace,68301001,0.009434
alsace,68307001,0.009434
alsace,68307002,0.009434
alsace,68330001,0.009434
alsace,68334003,0.009434
alsace,68338001,0.009434
alsace,68359002,0.009434
alsace,68370001,0.009434
beaujolais,69007001,0.006536
beaujolais,69008001,0.006536
beaujolais,69023002,0.006536
beaujolais,69026001,0.006536
beaujolais,69028001,0.006536
beaujolais,69029001,0.006536
beaujolais,69029002,0.006536
beaujolais,69032001,0.006536
beaujolais,69034003,0.006536
beaujolais,69034004,0.006536
beaujolais,69036003,0.006536
beaujolais,69058002,0.006536
beaujolais,69064002,0.006536
beaujolais,69066003,0.006536
beaujolais,69081001,0.006536
beaujolais,69097002,0.006536
beaujolais,69104001,0.006536
beaujolais,69107001,0.006536
beaujolais,69108001,0.006536
beaujolais,69114001,0.006536
beaujolais,69116001,0.006536
beaujolais,69122001,0.006536
beaujolais,69123002,0.006536
beaujolais,69123003,0.006536
beaujolais,69123023,0.006536
beaujolais,69135001,0.006536
beaujolais,69139002,0.006536
beaujolais,69141001,0.006536
beaujolais,69156001,0.006536
beaujolais,69158001,0.006536
beaujolais,69161001,0.006536
beaujolais,69174002,0.006536
beaujolais,69176001,0.006536
beaujolais,69180002,0.006536
beaujolais,69181001,0.006536
beaujolais,69192001,0.006536
beaujolais,69195002,0.006536
beaujolais,69196001,0.006536
beaujolais,69203001,0.006536
beaujolais,69204002,0.006536
beaujolais,69204003,0.006536
beaujolais,69206001,0.006536
beaujolais,69208001,0.006536
beaujolais,69211001,0.006536
beaujolais,69218001,0.006536
beaujolais,69234001,0.006536
beaujolais,69238001,0.006536
beaujolais,69239001,0.006536
beaujolais,69239002,0.006536
beaujolais,69244001,0.006536
beaujolais,69248003,0.006536
beaujolais,69249001,0.006536
beaujolais,69251001,0.006536
beaujolais,69253001,0.006536
beaujolais,69257001,0.006536
beaujolais,69258001,0.006536
beaujolais,69264001,0.006536
beaujolais,69266001,0.006536
beaujolais,69266002,0.006536
beaujolais,69272001,0.006536
beaujolais,69273001,0.006536
beaujolais,69286003,0.006536
beaujolais,69299001,0.006536
beaujolais,71004001,0.006536
beaujolais,71005001,0.006536
beaujolais,71009002,0.006536
beaujolais,71010001,0.006536
beaujolais,71012002,0.006536
beaujolais,71014004,0.006536
beaujolais,71016001,0.006536
beaujolais,71022001,0.006536
beaujolais,71022003,0.006536
beaujolais,71025001,0.006536
beaujolais,71029001,0.006536
beaujolais,71040001,0.006536
beaujolais,71047001,0.006536
beaujolais,71047004,0.006536
beaujolais,71052003,0.006536
beaujolais,71054001,0.006536
beaujolais,71056003,0.006536
beaujolais,71060001,0.006536
beaujolais,71070001,0.006536
beaujolais,71076001,0.006536
beaujolais,71081001,0.006536
beaujolais,71105001,0.006536
beaujolais,71106001,0.006536
beaujolais,71108001,0.006536
beaujolais,71112001,0.006536
beaujolais,71120001,0.006536
beaujolais,71130001,0.006536
beaujolais,71130002,0.006536
beaujolais,71137001,0.006536
beaujolais,71152001,0.006536
beaujolais,71153002,0.006536
beaujolais,71165001,0.006536
beaujolais,71176002,0.006536
beaujolais,71190001,0.006536
beaujolais,71202001,0.006536
beaujolais,71210001,0.006536
beaujolais,71219001,0.006536
beaujolais,71230002,0.006536
beaujolais,71231003,0.006536
beaujolais,71240001,0.006536
beaujolais,71256001,0.006536
beaujolais,71263004,0.006536
beaujolais,71266001,0.006536
beaujolais,71267001,0.006536
beaujolais,71267002,0.006536
beaujolais,71275002,0.006536
beaujolais,71289001,0.006536
beaujolais,71291001,0.006536
beaujolais,71294001,0.006536
beaujolais,71310002,0.006536
beaujolais,71318001,0.006536
beaujolais,71320001,0.006536
beaujolais,71340002,0.006536
beaujolais,71342001,0.006536
beaujolais,71346001,0.006536
beaujolais,71349001,0.006536
beaujolais,71351001,0.006536
beaujolais,71371001,0.006536
beaujolais,71372001,0.006536
beaujolais,71373001,0.006536
beaujolais,71376001,0.006536
beaujolais,71378001,0.006536
beaujolais,71379001,0.006536
beaujolais,71394001,0.006536
beaujolais,71405001,0.006536
beaujolais,71417004,0.006536
beaujolais,71419002,0.006536
beaujolais,71420001,0.006536
beaujolais,71445001,0.006536
beaujolais,71460001,0.006536
beaujolais,71464001,0.006536
beaujolais,71472005,0.006536
beaujolais,71482001,0.006536
beaujolais,71486002,0.006536
beaujolais,71491001,0.006536
beaujolais,71495001,0.006536
beaujolais,71506001,0.006536
beaujolais,71512001,0.006536
beaujolais,71523001,0.006536
beaujolais,71539001,0.006536
beaujolais,71540002,0.006536
beaujolais,71541001,0.006536
beaujolais,71542001,0.006536
beaujolais,71542004,0.006536
beaujolais,71543001,0.006536
beaujolais,71551001,0.006536
beaujolais,71551002,0.006536
beaujolais,71558001,0.006536
beaujolais,71566001,0.006536
beaujolais,71589001,0.006536
bordeaux,33009001,0.015152
bordeaux,33011001,0.015152
bordeaux,33021002,0.015152
bordeaux,33029001,0.015152
bordeaux,33036001,0.015152
bordeaux,33042001,0.015152
bordeaux,33042005,0.015152
bordeaux,33049001,0.015152
bordeaux,33051001,0.015152
bordeaux,33063001,0.015152
bordeaux,33076001,0.015152
bordeaux,33077001,0.015152
bordeaux,33077002,0.015152
bordeaux,33080001,0.015152
bordeaux,33095001,0.015152
bordeaux,33097002,0.015152
bordeaux,33116001,0.015152
bordeaux,33119001,0.015152
bordeaux,33122003,0.015152
bordeaux,33138001,0.015152
bordeaux,33145001,0.015152
bordeaux,33150001,0.015152
bordeaux,33151001,0.015152
bordeaux,33159001,0.015152
bordeaux,33195001,0.015152
bordeaux,33198001,0.015152
bordeaux,33203001,0.015152
bordeaux,33214002,0.015152
bordeaux,33218001,0.015152
bordeaux,33230002,0.015152
bordeaux,33234002,0.015152
bordeaux,33236002,0.015152
bordeaux,33236004,0.015152
bordeaux,33240001,0.015152
bordeaux,33242001,0.015152
bordeaux,33281001,0.015152
bordeaux,33289002,0.015152
bordeaux,33298002,0.015152
bordeaux,33314003,0.015152
bordeaux,33314005,0.015152
bordeaux,33328001,0.015152
bordeaux,33343001,0.015152
bordeaux,33345001,0.015152
bordeaux,33394002,0.015152
bordeaux,33415001,0.015152
bordeaux,33424001,0.015152
bordeaux,33432002,0.015152
bordeaux,33445001,0.015152
bordeaux,33456001,0.015152
bordeaux,33473001,0.015152
bordeaux,33482001,0.015152
bordeaux,33484001,0.015152
bordeaux,33484002,0.015152
bordeaux,33494001,0.015152
bordeaux,33504001,0.015152
bordeaux,33506001,0.015152
bordeaux,33514003,0.015152
bordeaux,33522001,0.015152
bordeaux,33523001,0.015152
bordeaux,33525001,0.015152
bordeaux,33528001,0.015152
bordeaux,33529001,0.015152
bordeaux,33540001,0.015152
bordeaux,33541001,0.015152
bordeaux,33544001,0.015152
bordeaux,33550001,0.015152
bourgogne,21010001,0.003534
bourgogne,21012001,0.003534
bourgogne,21030001,0.003534
bourgogne,21038001,0.003534
bourgogne,21043001,0.003534
bourgogne,21056001,0.003534
bourgogne,21065001,0.003534
bourgogne,21068001,0.003534
bourgogne,21109001,0.003534
bourgogne,21116002,0.003534
bourgogne,21131001,0.003534
bourgogne,21139001,0.003534
bourgogne,21142001,0.003534
bourgogne,21146001,0.003534
bourgogne,21154001,0.003534
bourgogne,21164002,0.003534
bourgogne,21228001,0.003534
bourgogne,21231001,0.003534
bourgogne,21231007,0.003534
bourgogne,21237001,0.003534
bourgogne,21296001,0.003534
bourgogne,21299001,0.003534
bourgogne,21304002,0.003534
bourgogne,21308001,0.003534
bourgogne,21310001,0.003534
bourgogne,21312001,0.003534
bourgogne,21321001,0.003534
bourgogne,21326001,0.003534
bourgogne,21332001,0.003534
bourgogne,21349001,0.003534
bourgogne,21361001,0.003534
bourgogne,21380001,0.003534
bourgogne,21386001,0.003534
bourgogne,21390001,0.003534
bourgogne,21395001,0.003534
bourgogne,21406001,0.003534
bourgogne,21410001,0.003534
bourgogne,21425001,0.003534
bourgogne,21445001,0.003534
bourgogne,21446001,0.003534
bourgogne,21454001,0.003534
bourgogne,21461001,0.003534
bourgogne,21464001,0.003534
bourgogne,21471001,0.003534
bourgogne,21473001,0.003534
bourgogne,21484001,0.003534
bourgogne,21501003,0.003534
bourgogne,21503001,0.003534
bourgogne,21515001,0.003534
bourgogne,21519001,0.003534
bourgogne,21525001,0.003534
bourgogne,21527001,0.003534
bourgogne,21546001,0.003534
bourgogne,21560001,0.003534
bourgogne,21561001,0.003534
bourgogne,21561003,0.003534
bourgogne,21564001,0.003534
bourgogne,21567001,0.003534
bourgogne,21584001,0.003534
bourgogne,21589001,0.003534
bourgogne,21590001,0.003534
bourgogne,21603001,0.003534
bourgogne,21633002,0.003534
bourgogne,21638002,0.003534
bourgogne,21648001,0.003534
bourgogne,21656001,0.003534
bourgogne,21663001,0.003534
bourgogne,21676001,0.003534
bourgogne,21685001,0.003534
bourgogne,21699001,0.003534
bourgogne,21710004,0.003534
bourgogne,21711001,0.003534
bourgogne,21714001,0.003534
bourgogne,58006001,0.003534
bourgogne,58010003,0.003534
bourgogne,58015001,0.003534
bourgogne,58019001,0.003534
bourgogne,58023001,0.003534
bourgogne,58024002,0.003534
bourgogne,58036002,0.003534
bourgogne,58037004,0.003534
bourgogne,58059001,0.003534
bourgogne,58059004,0.003534
bourgogne,58060001,0.003534
bourgogne,58061001,0.003534
bourgogne,58062001,0.003534
bourgogne,58064001,0.003534
bourgogne,58065001,0.003534
bourgogne,58079001,0.003534
bourgogne,58079004,0.003534
bourgogne,58080001,0.003534
bourgogne,58086001,0.003534
bourgogne,58086002,0.003534
bourgogne,58089001,0.003534
bourgogne,58092001,0.003534
bourgogne,58095001,0.003534
bourgogne,58099001,0.003534
bourgogne,58102001,0.003534
bourgogne,58104001,0.003534
bourgogne,58106002,0.003534
bourgogne,58106005,0.003534
bourgogne,58108001,0.003534
bourgogne,58109001,0.003534
bourgogne,58118001,0.003534
bourgogne,58119001,0.003534
bourgogne,58120004,0.003534
bourgogne,58125002,0.003534
bourgogne,58128002,0.003534
bourgogne,58131001,0.003534
bourgogne,58132001,0.003534
bourgogne,58140001,0.003534
bourgogne,58145002,0.003534
bourgogne,58146001,0.003534
bourgogne,58148001,0.003534
bourgogne,58149001,0.003534
bourgogne,58160001,0.003534
bourgogne,58160002,0.003534
bourgogne,58177001,0.003534
bourgogne,58185001,0.003534
bourgogne,58199001,0.003534
bourgogne,58204001,0.003534
bourgogne,58210002,0.003534
bourgogne,58215005,0.003534
bourgogne,58218006,0.003534
bourgogne,58223001,0.003534
bourgogne,58227001,0.003534
bourgogne,58230001,0.003534
bourgogne,58238002,0.003534
bourgogne,58264001,0.003534
bourgogne,58281001,0.003534
bourgogne,58286001,0.003534
bourgogne,58303001,0.003534
bourgogne,58303002,0.003534
bourgogne,58304001,0.003534
bourgogne,58304005,0.003534
bourgogne,71004001,0.003534
bourgogne,71005001,0.003534
bourgogne,71009002,0.003534
bourgogne,71010001,0.003534
bourgogne,71012002,0.003534
bourgogne,71014004,0.003534
bourgogne,71016001,0.003534
bourgogne,71022001,0.003534
bourgogne,71022003,0.003534
bourgogne,71025001,0.003534
bourgogne,71029001,0.003534
bourgogne,71040001,0.003534
bourgogne,71047001,0.003534
bourgogne,71047004,0.003534
bourgogne,71052003,0.003534
bourgogne,71054001,0.003534
bourgogne,71056003,0.003534
bourgogne,71060001,0.003534
bourgogne,71070001,0.003534
bourgogne,71076001,0.003534
bourgogne,71081001,0.003534
bourgogne,71105001,0.003534
bourgogne,71106001,0.003534
bourgogne,71108001,0.003534
bourgogne,71112001,0.003534
bourgogne,71120001,0.003534
bourgogne,71130001,0.003534
bourgogne,71130002,0.003534
bourgogne,71137001,0.003534
bourgogne,71152001,0.003534
bourgogne,71153002,0.003534
bourgogne,71165001,0.003534
bourgogne,71176002,0.003534
bourgogne,71190001,0.003534
bourgogne,71202001,0.003534
bourgogne,71210001,0.003534
bourgogne,71219001,0.003534
bourgogne,71230002,0.003534
bourgogne,71231003,0.003534
bourgogne,71240001,0.003534
bourgogne,71256001,0.003534
bourgogne,71263004,0.003534
bourgogne,71266001,0.003534
bourgogne,71267001,0.003534
bourgogne,71267002,0.003534
bourgogne,71275002,0.003534
bourgogne,71289001,0.003534
bourgogne,71291001,0.003534
bourgogne,71294001,0.003534
bourgogne,71310002,0.003534
bourgogne,71318001,0.003534
bourgogne,71320001,0.003534
bourgogne,71340002,0.003534
bourgogne,71342001,0.003534
bourgogne,71346001,0.003534
bourgogne,71349001,0.003534
bourgogne,71351001,0.003534
bourgogne,71371001,0.003534
bourgogne,71372001,0.003534
bourgogne,71373001,0.003534
bourgogne,71376001,0.003534
bourgogne,71378001,0.003534
bourgogne,71379001,0.003534
bourgogne,71394001,0.003534
bourgogne,71405001,0.003534
bourgogne,71417004,0.003534
bourgogne,71419002,0.003534
bourgogne,71420001,0.003534
bourgogne,71445001,0.003534
bourgogne,71460001,0.003534
bourgogne,71464001,0.003534
bourgogne,71472005,0.003534
bourgogne,71482001,0.003534
bourgogne,71486002,0.003534
bourgogne,71491001,0.003534
bourgogne,71495001,0.003534
bourgogne,71506001,0.003534
bourgogne,71512001,0.003534
bourgogne,71523001,0.003534
bourgogne,71539001,0.003534
bourgogne,71540002,0.003534
bourgogne,71541001,0.003534
bourgogne,71542001,0.003534
bourgogne,71542004,0.003534
bourgogne,71543001,0.003534
bourgogne,71551001,0.003534
bourgogne,71551002,0.003534
bourgogne,71558001,0.003534
bourgogne,71566001,0.003534
bourgogne,71589001,0.003534
bourgogne,89003001,0.003534
bourgogne,89005001,0.003534
bourgogne,89014001,0.003534
bourgogne,89025002,0.003534
bourgogne,89025006,0.003534
bourgogne,89046001,0.003534
bourgogne,89048001,0.003534
bourgogne,89049001,0.003534
bourgogne,89066001,0.003534
bourgogne,89068001,0.003534
bourgogne,89076001,0.003534
bourgogne,89086001,0.003534
bourgogne,89092002,0.003534
bourgogne,89120001,0.003534
bourgogne,89131001,0.003534
bourgogne,89133001,0.003534
bourgogne,89141001,0.003534
bourgogne,89142001,0.003534
bourgogne,89165001,0.003534
bourgogne,89173001,0.003534
bourgogne,89192001,0.003534
bourgogne,89204002,0.003534
bourgogne,89206001,0.003534
bourgogne,89215001,0.003534
bourgogne,89227001,0.003534
bourgogne,89253001,0.003534
bourgogne,89260001,0.003534
bourgogne,89273001,0.003534
bourgogne,89277002,0.003534
bourgogne,89279001,0.003534
bourgogne,89279002,0.003534
bourgogne,89295001,0.003534
bourgogne,89311001,0.003534
bourgogne,89318002,0.003534
bourgogne,89333001,0.003534
bourgogne,89336001,0.003534
bourgogne,89341001,0.003534
bourgogne,89342001,0.003534
bourgogne,89344002,0.003534
bourgogne,89346001,0.003534
bourgogne,89349001,0.003534
bourgogne,89349005,0.003534
bourgogne,89362001,0.003534
bourgogne,89365001,0.003534
bourgogne,89378001,0.003534
bourgogne,89380001,0.003534
bourgogne,89382002,0.003534
bourgogne,89387002,0.003534
bourgogne,89391001,0.003534
bourgogne,89397001,0.003534
bourgogne,89414001,0.003534
bourgogne,89418001,0.003534
bourgogne,89418007,0.003534
bourgogne,89446001,0.003534
bourgogne,89467001,0.003534
bourgogne,89469001,0.003534
bourgogne,89470001,0.003534
bourgogne,89478001,0.003534
champagne,02022001,0.003367
champagne,02031001,0.003367
champagne,02035001,0.003367
champagne,02037002,0.003367
champagne,02058001,0.003367
champagne,02086001,0.003367
champagne,02094001,0.003367
champagne,02095001,0.003367
champagne,02100001,0.003367
champagne,02109001,0.003367
champagne,02110001,0.003367
champagne,02110002,0.003367
champagne,02114001,0.003367
champagne,02135001,0.003367
champagne,02153001,0.003367
champagne,02163001,0.003367
champagne,02173002,0.003367
champagne,02182001,0.003367
champagne,02197001,0.003367
champagne,02199001,0.003367
champagne,02219001,0.003367
champagne,02220001,0.003367
champagne,02239001,0.003367
champagne,02258001,0.003367
champagne,02278001,0.003367
champagne,02298001,0.003367
champagne,02301002,0.003367
champagne,02320001,0.003367
champagne,02321001,0.003367
champagne,02321002,0.003367
champagne,02346001,0.003367
champagne,02361002,0.003367
champagne,02381001,0.003367
champagne,02408002,0.003367
champagne,02433001,0.003367
champagne,02471001,0.003367
champagne,02475001,0.003367
champagne,02502001,0.003367
champagne,02505001,0.003367
champagne,02558001,0.003367
champagne,02575001,0.003367
champagne,02577001,0.003367
champagne,02580001,0.003367
champagne,02585001,0.003367
champagne,02594001,0.003367
champagne,02614001,0.003367
champagne,02617001,0.003367
champagne,02626001,0.003367
champagne,02643001,0.003367
champagne,02643002,0.003367
champagne,02652001,0.003367
champagne,02674001,0.003367
champagne,02705001,0.003367
champagne,02722002,0.003367
champagne,02732001,0.003367
champagne,02734001,0.003367
champagne,02738001,0.003367
champagne,02758001,0.003367
champagne,02802001,0.003367
champagne,02814001,0.003367
champagne,10002001,0.003367
champagne,10010002,0.003367
champagne,10021001,0.003367
champagne,10030001,0.003367
champagne,10034001,0.003367
champagne,10042001,0.003367
champagne,10057001,0.003367
champagne,10059001,0.003367
champagne,10060001,0.003367
champagne,10070001,0.003367
champagne,10075001,0.003367
champagne,10079002,0.003367
champagne,10099002,0.003367
champagne,10102001,0.003367
champagne,10119001,0.003367
champagne,10120001,0.003367
champagne,10130001,0.003367
champagne,10141001,0.003367
champagne,10166002,0.003367
champagne,10202001,0.003367
champagne,10203002,0.003367
champagne,10221001,0.003367
champagne,10223001,0.003367
champagne,10228001,0.003367
champagne,10228002,0.003367
champagne,10233002,0.003367
champagne,10238001,0.003367
champagne,10240002,0.003367
champagne,10241001,0.003367
champagne,10255002,0.003367
champagne,10261001,0.003367
champagne,10274001,0.003367
champagne,10287003,0.003367
champagne,10291001,0.003367
champagne,10317001,0.003367
champagne,10317002,0.003367
champagne,10323001,0.003367
champagne,10327001,0.003367
champagne,10334001,0.003367
champagne,10339001,0.003367
champagne,10350001,0.003367
champagne,10360001,0.003367
champagne,10369001,0.003367
champagne,10372001,0.003367
champagne,10391001,0.003367
champagne,10401001,0.003367
champagne,10419001,0.003367
champagne,10428002,0.003367
champagne,10429001,0.003367
champagne,10432001,0.003367
champagne,10438001,0.003367
champagne,10442001,0.003367
champagne,51009001,0.003367
champagne,51015001,0.003367
champagne,51029003,0.003367
champagne,51029004,0.003367
champagne,51035001,0.003367
champagne,51053001,0.003367
champagne,51056001,0.003367
champagne,51075001,0.003367
champagne,51079001,0.003367
champagne,51098001,0.003367
champagne,51111001,0.003367
champagne,51129001,0.003367
champagne,51130001,0.003367
champagne,51135001,0.003367
champagne,51136001,0.003367
champagne,51136003,0.003367
champagne,51153001,0.003367
champagne,51171001,0.003367
champagne,51183001,0.003367
champagne,51188001,0.003367
champagne,51210001,0.003367
champagne,51212001,0.003367
champagne,51230002,0.003367
champagne,51237001,0.003367
champagne,51237002,0.003367
champagne,51242001,0.003367
champagne,51244001,0.003367
champagne,51248002,0.003367
champagne,51250001,0.003367
champagne,51259001,0.003367
champagne,51262001,0.003367
champagne,51266001,0.003367
champagne,51266002,0.003367
champagne,51269001,0.003367
champagne,51298001,0.003367
champagne,51304001,0.003367
champagne,51338001,0.003367
champagne,51361001,0.003367
champagne,51381003,0.003367
champagne,51381004,0.003367
champagne,51388001,0.003367
champagne,51388003,0.003367
champagne,51440001,0.003367
champagne,51440003,0.003367
champagne,51449001,0.003367
champagne,51449002,0.003367
champagne,51454001,0.003367
champagne,51454002,0.003367
champagne,51456002,0.003367
champagne,51460001,0.003367
champagne,51491001,0.003367
champagne,51500004,0.003367
champagne,51507002,0.003367
champagne,51507007,0.003367
champagne,51518001,0.003367
champagne,51535001,0.003367
champagne,51539001,0.003367
champagne,51544002,0.003367
champagne,51545001,0.003367
champagne,51547001,0.003367
champagne,51548001,0.003367
champagne,51556001,0.003367
champagne,51559002,0.003367
champagne,51566001,0.003367
champagne,51583001,0.003367
champagne,51588001,0.003367
champagne,51590002,0.003367
champagne,51595002,0.003367
champagne,51611001,0.003367
champagne,51612002,0.003367
champagne,51612003,0.003367
champagne,52003001,0.003367
champagne,52017003,0.003367
champagne,52017004,0.003367
champagne,52023002,0.003367
champagne,52050001,0.003367
champagne,52055001,0.003367
champagne,52057001,0.003367
champagne,52059002,0.003367
champagne,52060002,0.003367
champagne,52061002,0.003367
champagne,52074002,0.003367
champagne,52084002,0.003367
champagne,52091002,0.003367
champagne,52091003,0.003367
champagne,52108002,0.003367
champagne,52114001,0.003367
champagne,52115001,0.003367
champagne,52121002,0.003367
champagne,52121007,0.003367
champagne,52123003,0.003367
champagne,52128001,0.003367
champagne,52131002,0.003367
champagne,52145001,0.003367
champagne,52177001,0.003367
champagne,52180002,0.003367
champagne,52197003,0.003367
champagne,52201001,0.003367
champagne,52248002,0.003367
champagne,52253001,0.003367
champagne,52269001,0.003367
champagne,52274001,0.003367
champagne,52282001,0.003367
champagne,52287001,0.003367
champagne,52294001,0.003367
champagne,52332001,0.003367
champagne,52348003,0.003367
champagne,52373001,0.003367
champagne,52405001,0.003367
champagne,52428001,0.003367
champagne,52443001,0.003367
champagne,52447001,0.003367
champagne,52448001,0.003367
champagne,52450001,0.003367
champagne,52450002,0.003367
champagne,52456001,0.003367
champagne,52469001,0.003367
champagne,52504001,0.003367
champagne,52529001,0.003367
champagne,52535001,0.003367
champagne,52538001,0.003367
champagne,52542002,0.003367
champagne,77006001,0.003367
champagne,77019002,0.003367
champagne,77033001,0.003367
champagne,77042001,0.003367
champagne,77053002,0.003367
champagne,77054001,0.003367
champagne,77058001,0.003367
champagne,77066002,0.003367
champagne,77069001,0.003367
champagne,77084001,0.003367
champagne,77100003,0.003367
champagne,77103001,0.003367
champagne,77108001,0.003367
champagne,77113002,0.003367
champagne,77114002,0.003367
champagne,77120001,0.003367
champagne,77126001,0.003367
champagne,77135001,0.003367
champagne,77142001,0.003367
champagne,77148002,0.003367
champagne,77153003,0.003367
champagne,77159001,0.003367
champagne,77164001,0.003367
champagne,77164002,0.003367
champagne,77175001,0.003367
champagne,77177001,0.003367
champagne,77181003,0.003367
champagne,77182003,0.003367
champagne,77186002,0.003367
champagne,77192002,0.003367
champagne,77211001,0.003367
champagne,77221001,0.003367
champagne,77239001,0.003367
champagne,77284003,0.003367
champagne,77288005,0.003367
champagne,77292001,0.003367
champagne,77297001,0.003367
champagne,77306001,0.003367
champagne,77320002,0.003367
champagne,77333003,0.003367
champagne,77339001,0.003367
champagne,77359002,0.003367
champagne,77379002,0.003367
champagne,77379004,0.003367
champagne,77390001,0.003367
champagne,77403001,0.003367
champagne,77405001,0.003367
champagne,77406002,0.003367
champagne,77418001,0.003367
champagne,77419001,0.003367
champagne,77431001,0.003367
champagne,77447002,0.003367
champagne,77449001,0.003367
champagne,77459002,0.003367
champagne,77463001,0.003367
champagne,77464002,0.003367
champagne,77468001,0.003367
champagne,77478001,0.003367
champagne,77485001,0.003367
champagne,77489001,0.003367
champagne,77515001,0.003367
champagne,77524001,0.003367
champagne,77530001,0.003367
jura,39013002,0.019231
jura,39013004,0.019231
jura,39016001,0.019231
jura,39043001,0.019231
jura,39047001,0.019231
jura,39050001,0.019231
jura,39085002,0.019231
jura,39086001,0.019231
jura,39097003,0.019231
jura,39104001,0.019231
jura,39113001,0.019231
jura,39118001,0.019231
jura,39121001,0.019231
jura,39130002,0.019231
jura,39138001,0.019231
jura,39149003,0.019231
jura,39156001,0.019231
jura,39159002,0.019231
jura,39177001,0.019231
jura,39198001,0.019231
jura,39199001,0.019231
jura,39225001,0.019231
jura,39225002,0.019231
jura,39235001,0.019231
jura,39240001,0.019231
jura,39268001,0.019231
jura,39275004,0.019231
jura,39288001,0.019231
jura,39294001,0.019231
jura,39296001,0.019231
jura,39335001,0.019231
jura,39348001,0.019231
jura,39362001,0.019231
jura,39397002,0.019231
jura,39413001,0.019231
jura,39420001,0.019231
jura,39436001,0.019231
jura,39470001,0.019231
jura,39475001,0.019231
jura,39478004,0.019231
jura,39485001,0.019231
jura,39485002,0.019231
jura,39487001,0.019231
jura,39487004,0.019231
jura,39487005,0.019231
jura,39500001,0.019231
jura,39522001,0.019231
jura,39523001,0.019231
jura,39526001,0.019231
jura,39526003,0.019231
jura,39530001,0.019231
jura,39546001,0.019231
languedoc-roussillon,11004001,0.002994
languedoc-roussillon,11012001,0.002994
languedoc-roussillon,11013001,0.002994
languedoc-roussillon,11015001,0.002994
languedoc-roussillon,11016003,0.002994
languedoc-roussillon,11021002,0.002994
languedoc-roussillon,11028001,0.002994
languedoc-roussillon,11033003,0.002994
languedoc-roussillon,11041003,0.002994
languedoc-roussillon,11044001,0.002994
languedoc-roussillon,11049001,0.002994
languedoc-roussillon,11056001,0.002994
languedoc-roussillon,11068001,0.002994
languedoc-roussillon,11069001,0.002994
languedoc-roussillon,11075001,0.002994
languedoc-roussillon,11076001,0.002994
languedoc-roussillon,11081003,0.002994
languedoc-roussillon,11099001,0.002994
languedoc-roussillon,11103001,0.002994
languedoc-roussillon,11110001,0.002994
languedoc-roussillon,11113001,0.002994
languedoc-roussillon,11115001,0.002994
languedoc-roussillon,11124003,0.002994
languedoc-roussillon,11136001,0.002994
languedoc-roussillon,11140001,0.002994
languedoc-roussillon,11144001,0.002994
languedoc-roussillon,11145002,0.002994
languedoc-roussillon,11149001,0.002994
languedoc-roussillon,11155001,0.002994
languedoc-roussillon,11159002,0.002994
languedoc-roussillon,11168001,0.002994
languedoc-roussillon,11177001,0.002994
languedoc-roussillon,11179001,0.002994
languedoc-roussillon,11181002,0.002994
languedoc-roussillon,11185001,0.002994
languedoc-roussillon,11189001,0.002994
languedoc-roussillon,11198001,0.002994
languedoc-roussillon,11202001,0.002994
languedoc-roussillon,11203004,0.002994
languedoc-roussillon,11206003,0.002994
languedoc-roussillon,11221004,0.002994
languedoc-roussillon,11242001,0.002994
languedoc-roussillon,11243001,0.002994
languedoc-roussillon,11253001,0.002994
languedoc-roussillon,11260002,0.002994
languedoc-roussillon,11262002,0.002994
languedoc-roussillon,11262005,0.002994
languedoc-roussillon,11266001,0.002994
languedoc-roussillon,11271001,0.002994
languedoc-roussillon,11295001,0.002994
languedoc-roussillon,11296001,0.002994
languedoc-roussillon,11301001,0.002994
languedoc-roussillon,11303001,0.002994
languedoc-roussillon,11304001,0.002994
languedoc-roussillon,11321003,0.002994
languedoc-roussillon,11329001,0.002994
languedoc-roussillon,11332001,0.002994
languedoc-roussillon,11333001,0.002994
languedoc-roussillon,11352001,0.002994
languedoc-roussillon,11367001,0.002994
languedoc-roussillon,11371001,0.002994
languedoc-roussillon,11388001,0.002994
languedoc-roussillon,11401001,0.002994
languedoc-roussillon,11404001,0.002994
languedoc-roussillon,11412001,0.002994
languedoc-roussillon,11427001,0.002994
languedoc-roussillon,30003001,0.002994
languedoc-roussillon,30004001,0.002994
languedoc-roussillon,30007004,0.002994
languedoc-roussillon,30009001,0.002994
languedoc-roussillon,30015002,0.002994
languedoc-roussillon,30032007,0.002994
languedoc-roussillon,30034003,0.002994
languedoc-roussillon,30055001,0.002994
languedoc-roussillon,30065001,0.002994
languedoc-roussillon,30068001,0.002994
languedoc-roussillon,30076001,0.002994
languedoc-roussillon,30081002,0.002994
languedoc-roussillon,30087002,0.002994
languedoc-roussillon,30093003,0.002994
languedoc-roussillon,30100001,0.002994
languedoc-roussillon,30101001,0.002994
languedoc-roussillon,30106001,0.002994
languedoc-roussillon,30123001,0.002994
languedoc-roussillon,30128001,0.002994
languedoc-roussillon,30129001,0.002994
languedoc-roussillon,30130001,0.002994
languedoc-roussillon,30132003,0.002994
languedoc-roussillon,30132004,0.002994
languedoc-roussillon,30133001,0.002994
languedoc-roussillon,30133005,0.002994
languedoc-roussillon,30138001,0.002994
languedoc-roussillon,30140001,0.002994
languedoc-roussillon,30151002,0.002994
languedoc-roussillon,30151004,0.002994
languedoc-roussillon,30153001,0.002994
languedoc-roussillon,30153003,0.002994
languedoc-roussillon,30154001,0.002994
languedoc-roussillon,30164001,0.002994
languedoc-roussillon,30166001,0.002994
languedoc-roussillon,30175001,0.002994
languedoc-roussillon,30176002,0.002994
languedoc-roussillon,30183001,0.002994
languedoc-roussillon,30189001,0.002994
languedoc-roussillon,30189002,0.002994
languedoc-roussillon,30200002,0.002994
languedoc-roussillon,30202002,0.002994
languedoc-roussillon,30209002,0.002994
languedoc-roussillon,30221001,0.002994
languedoc-roussillon,30224001,0.002994
languedoc-roussillon,30225002,0.002994
languedoc-roussillon,30227001,0.002994
languedoc-roussillon,30231001,0.002994
languedoc-roussillon,30231003,0.002994
languedoc-roussillon,30243001,0.002994
languedoc-roussillon,30258001,0.002994
languedoc-roussillon,30263001,0.002994
languedoc-roussillon,30269006,0.002994
languedoc-roussillon,30273001,0.002994
languedoc-roussillon,30276001,0.002994
languedoc-roussillon,30283001,0.002994
languedoc-roussillon,30297001,0.002994
languedoc-roussillon,30299001,0.002994
languedoc-roussillon,30305001,0.002994
languedoc-roussillon,30325001,0.002994
languedoc-roussillon,30325002,0.002994
languedoc-roussillon,30331001,0.002994
languedoc-roussillon,30332001,0.002994
languedoc-roussillon,30334001,0.002994
languedoc-roussillon,30334003,0.002994
languedoc-roussillon,30339001,0.002994
languedoc-roussillon,30339006,0.002994
languedoc-roussillon,30341001,0.002994
languedoc-roussillon,30341003,0.002994
languedoc-roussillon,30347001,0.002994
languedoc-roussillon,30349001,0.002994
languedoc-roussillon,30350001,0.002994
languedoc-roussillon,30352002,0.002994
languedoc-roussillon,34008001,0.002994
languedoc-roussillon,34010001,0.002994
languedoc-roussillon,34026001,0.002994
languedoc-roussillon,34028003,0.002994
languedoc-roussillon,34030002,0.002994
languedoc-roussillon,34032002,0.002994
languedoc-roussillon,34032015,0.002994
languedoc-roussillon,34038001,0.002994
languedoc-roussillon,34040001,0.002994
languedoc-roussillon,34046005,0.002994
languedoc-roussillon,34051001,0.002994
languedoc-roussillon,34055002,0.002994
languedoc-roussillon,34055003,0.002994
languedoc-roussillon,34064002,0.002994
languedoc-roussillon,34064003,0.002994
languedoc-roussillon,34069001,0.002994
languedoc-roussillon,34079001,0.002994
languedoc-roussillon,34079004,0.002994
languedoc-roussillon,34082001,0.002994
languedoc-roussillon,34086001,0.002994
languedoc-roussillon,34101001,0.002994
languedoc-roussillon,34107004,0.002994
languedoc-roussillon,34107006,0.002994
languedoc-roussillon,34114001,0.002994
languedoc-roussillon,34115001,0.002994
languedoc-roussillon,34135001,0.002994
languedoc-roussillon,34141002,0.002994
languedoc-roussillon,34142001,0.002994
languedoc-roussillon,34144001,0.002994
languedoc-roussillon,34145001,0.002994
languedoc-roussillon,34150001,0.002994
languedoc-roussillon,34151005,0.002994
languedoc-roussillon,34154001,0.002994
languedoc-roussillon,34163001,0.002994
languedoc-roussillon,34172001,0.002994
languedoc-roussillon,34174002,0.002994
languedoc-roussillon,34178001,0.002994
languedoc-roussillon,34186001,0.002994
languedoc-roussillon,34187001,0.002994
languedoc-roussillon,34199001,0.002994
languedoc-roussillon,34200003,0.002994
languedoc-roussillon,34205001,0.002994
languedoc-roussillon,34209002,0.002994
languedoc-roussillon,34210001,0.002994
languedoc-roussillon,34212001,0.002994
languedoc-roussillon,34217001,0.002994
languedoc-roussillon,34228002,0.002994
languedoc-roussillon,34232001,0.002994
languedoc-roussillon,34233001,0.002994
languedoc-roussillon,34237001,0.002994
languedoc-roussillon,34239002,0.002994
languedoc-roussillon,34245001,0.002994
languedoc-roussillon,34249002,0.002994
languedoc-roussillon,34258001,0.002994
languedoc-roussillon,34260001,0.002994
languedoc-roussillon,34269001,0.002994
languedoc-roussillon,34274001,0.002994
languedoc-roussillon,34277001,0.002994
languedoc-roussillon,34284001,0.002994
languedoc-roussillon,34293001,0.002994
languedoc-roussillon,34300001,0.002994
languedoc-roussillon,34300002,0.002994
languedoc-roussillon,34301002,0.002994
languedoc-roussillon,34302001,0.002994
languedoc-roussillon,34306001,0.002994
languedoc-roussillon,34311001,0.002994
languedoc-roussillon,34317001,0.002994
languedoc-roussillon,34319001,0.002994
languedoc-roussillon,34322003,0.002994
languedoc-roussillon,34330001,0.002994
languedoc-roussillon,34337001,0.002994
languedoc-roussillon,34344001,0.002994
languedoc-roussillon,48004001,0.002994
languedoc-roussillon,48009001,0.002994
languedoc-roussillon,48014001,0.002994
languedoc-roussillon,48019001,0.002994
languedoc-roussillon,48020003,0.002994
languedoc-roussillon,48027002,0.002994
languedoc-roussillon,48027003,0.002994
languedoc-roussillon,48030001,0.002994
languedoc-roussillon,48031002,0.002994
languedoc-roussillon,48032002,0.002994
languedoc-roussillon,48032003,0.002994
languedoc-roussillon,48036001,0.002994
languedoc-roussillon,48039001,0.002994
languedoc-roussillon,48040001,0.002994
languedoc-roussillon,48043001,0.002994
languedoc-roussillon,48045001,0.002994
languedoc-roussillon,48049001,0.002994
languedoc-roussillon,48051002,0.002994
languedoc-roussillon,48057002,0.002994
languedoc-roussillon,48060001,0.002994
languedoc-roussillon,48061002,0.002994
languedoc-roussillon,48069001,0.002994
languedoc-roussillon,48070004,0.002994
languedoc-roussillon,48074003,0.002994
languedoc-roussillon,48080002,0.002994
languedoc-roussillon,48087001,0.002994
languedoc-roussillon,48090004,0.002994
languedoc-roussillon,48094001,0.002994
languedoc-roussillon,48095004,0.002994
languedoc-roussillon,48095005,0.002994
languedoc-roussillon,48096004,0.002994
languedoc-roussillon,48103001,0.002994
languedoc-roussillon,48104002,0.002994
languedoc-roussillon,48105001,0.002994
languedoc-roussillon,48108001,0.002994
languedoc-roussillon,48110001,0.002994
languedoc-roussillon,48116001,0.002994
languedoc-roussillon,48126001,0.002994
languedoc-roussillon,48130002,0.002994
languedoc-roussillon,48132001,0.002994
languedoc-roussillon,48140003,0.002994
languedoc-roussillon,48142001,0.002994
languedoc-roussillon,48145001,0.002994
languedoc-roussillon,48145002,0.002994
languedoc-roussillon,48146001,0.002994
languedoc-roussillon,48146002,0.002994
languedoc-roussillon,48148004,0.002994
languedoc-roussillon,48154001,0.002994
languedoc-roussillon,48156002,0.002994
languedoc-roussillon,48171001,0.002994
languedoc-roussillon,48176002,0.002994
languedoc-roussillon,48182001,0.002994
languedoc-roussillon,48186001,0.002994
languedoc-roussillon,48187003,0.002994
languedoc-roussillon,48190001,0.002994
languedoc-roussillon,48194005,0.002994
languedoc-roussillon,48198001,0.002994
languedoc-roussillon,66003001,0.002994
languedoc-roussillon,66004401,0.002994
languedoc-roussillon,66005001,0.002994
languedoc-roussillon,66008003,0.002994
languedoc-roussillon,66013001,0.002994
languedoc-roussillon,66016001,0.002994
languedoc-roussillon,66024001,0.002994
languedoc-roussillon,66026001,0.002994
languedoc-roussillon,66029001,0.002994
languedoc-roussillon,66029003,0.002994
languedoc-roussillon,66037001,0.002994
languedoc-roussillon,66038003,0.002994
languedoc-roussillon,66048001,0.002994
languedoc-roussillon,66049001,0.002994
languedoc-roussillon,66052001,0.002994
languedoc-roussillon,66060004,0.002994
languedoc-roussillon,66062001,0.002994
languedoc-roussillon,66067402,0.002994
languedoc-roussillon,66074002,0.002994
languedoc-roussillon,66078001,0.002994
languedoc-roussillon,66082001,0.002994
languedoc-roussillon,66082004,0.002994
languedoc-roussillon,66082400,0.002994
languedoc-roussillon,66088003,0.002994
languedoc-roussillon,66095001,0.002994
languedoc-roussillon,66096001,0.002994
languedoc-roussillon,66117001,0.002994
languedoc-roussillon,66119002,0.002994
languedoc-roussillon,66124004,0.002994
languedoc-roussillon,66124402,0.002994
languedoc-roussillon,66125003,0.002994
languedoc-roussillon,66127001,0.002994
languedoc-roussillon,66136001,0.002994
languedoc-roussillon,66136002,0.002994
languedoc-roussillon,66137003,0.002994
languedoc-roussillon,66147001,0.002994
languedoc-roussillon,66147402,0.002994
languedoc-roussillon,66148001,0.002994
languedoc-roussillon,66150004,0.002994
languedoc-roussillon,66150012,0.002994
languedoc-roussillon,66154401,0.002994
languedoc-roussillon,66155001,0.002994
languedoc-roussillon,66157001,0.002994
languedoc-roussillon,66179001,0.002994
languedoc-roussillon,66179003,0.002994
languedoc-roussillon,66181001,0.002994
languedoc-roussillon,66183001,0.002994
languedoc-roussillon,66187001,0.002994
languedoc-roussillon,66187004,0.002994
languedoc-roussillon,66187006,0.002994
languedoc-roussillon,66188401,0.002994
languedoc-roussillon,66192003,0.002994
languedoc-roussillon,66194002,0.002994
languedoc-roussillon,66198001,0.002994
languedoc-roussillon,66202001,0.002994
languedoc-roussillon,66204002,0.002994
languedoc-roussillon,66204400,0.002994
languedoc-roussillon,66206001,0.002994
languedoc-roussillon,66206002,0.002994
languedoc-roussillon,66206004,0.002994
languedoc-roussillon,66210003,0.002994
languedoc-roussillon,66212001,0.002994
languedoc-roussillon,66214001,0.002994
languedoc-roussillon,66220002,0.002994
languedoc-roussillon,66222003,0.002994
languedoc-roussillon,66230001,0.002994
languedoc-roussillon,66233001,0.002994
loire,18003003,0.003247
loire,18011003,0.003247
loire,18015001,0.003247
loire,18015003,0.003247
loire,18023001,0.003247
loire,18030001,0.003247
loire,18033001,0.003247
loire,18036001,0.003247
loire,18037001,0.003247
loire,18039001,0.003247
loire,18047001,0.003247
loire,18057003,0.003247
loire,18058002,0.003247
loire,18059001,0.003247
loire,18066002,0.003247
loire,18082003,0.003247
loire,18083002,0.003247
loire,18087001,0.003247
loire,18087003,0.003247
loire,18089001,0.003247
loire,18090001,0.003247
loire,18092001,0.003247
loire,18097001,0.003247
loire,18103001,0.003247
loire,18108001,0.003247
loire,18109002,0.003247
loire,18110004,0.003247
loire,18116001,0.003247
loire,18117001,0.003247
loire,18125001,0.003247
loire,18125004,0.003247
loire,18126001,0.003247
loire,18127001,0.003247
loire,18135001,0.003247
loire,18137001,0.003247
loire,18141001,0.003247
loire,18142001,0.003247
loire,18159001,0.003247
loire,18165001,0.003247
loire,18171001,0.003247
loire,18172001,0.003247
loire,18172003,0.003247
loire,18175001,0.003247
loire,18175003,0.003247
loire,18176001,0.003247
loire,18181001,0.003247
loire,18183002,0.003247
loire,18187004,0.003247
loire,18190001,0.003247
loire,18190002,0.003247
loire,18197004,0.003247
loire,18207003,0.003247
loire,18218001,0.003247
loire,18223003,0.003247
loire,18231001,0.003247
loire,18239001,0.003247
loire,18240002,0.003247
loire,18241002,0.003247
loire,18242001,0.003247
loire,18251001,0.003247
loire,18262001,0.003247
loire,18262002,0.003247
loire,18269001,0.003247
loire,18269003,0.003247
loire,18279001,0.003247
loire,18279005,0.003247
loire,37003001,0.003247
loire,37003004,0.003247
loire,37009001,0.003247
loire,37012001,0.003247
loire,37023002,0.003247
loire,37027001,0.003247
loire,37031001,0.003247
loire,37033001,0.003247
loire,37055002,0.003247
loire,37063001,0.003247
loire,37067003,0.003247
loire,37068001,0.003247
loire,37072002,0.003247
loire,37083001,0.003247
loire,37087001,0.003247
loire,37103001,0.003247
loire,37107001,0.003247
loire,37109001,0.003247
loire,37113001,0.003247
loire,37115001,0.003247
loire,37119001,0.003247
loire,37120001,0.003247
loire,37122001,0.003247
loire,37122003,0.003247
loire,37128002,0.003247
loire,37129001,0.003247
loire,37129002,0.003247
loire,37131002,0.003247
loire,37136002,0.003247
loire,37139001,0.003247
loire,37141001,0.003247
loire,37150002,0.003247
loire,37153001,0.003247
loire,37156002,0.003247
loire,37157001,0.003247
loire,37170001,0.003247
loire,37179001,0.003247
loire,37183001,0.003247
loire,37192001,0.003247
loire,37194001,0.003247
loire,37208001,0.003247
loire,37211002,0.003247
loire,37212001,0.003247
loire,37213001,0.003247
loire,37213003,0.003247
loire,37214001,0.003247
loire,37216002,0.003247
loire,37216003,0.003247
loire,37223001,0.003247
loire,37224001,0.003247
loire,37228001,0.003247
loire,37240001,0.003247
loire,37241001,0.003247
loire,37242002,0.003247
loire,37249001,0.003247
loire,37253001,0.003247
loire,37261002,0.003247
loire,41003001,0.003247
loire,41018001,0.003247
loire,41050002,0.003247
loire,41053001,0.003247
loire,41059001,0.003247
loire,41075002,0.003247
loire,41075003,0.003247
loire,41080001,0.003247
loire,41097001,0.003247
loire,41106001,0.003247
loire,41116001,0.003247
loire,41135001,0.003247
loire,41140001,0.003247
loire,41144001,0.003247
loire,41147001,0.003247
loire,41149001,0.003247
loire,41149004,0.003247
loire,41152001,0.003247
loire,41164002,0.003247
loire,41166002,0.003247
loire,41173002,0.003247
loire,41173003,0.003247
loire,41197001,0.003247
loire,41199002,0.003247
loire,41200001,0.003247
loire,41221001,0.003247
loire,41221002,0.003247
loire,41225001,0.003247
loire,41229001,0.003247
loire,41240001,0.003247
loire,41241001,0.003247
loire,41242001,0.003247
loire,41243001,0.003247
loire,41249002,0.003247
loire,41256002,0.003247
loire,41262001,0.003247
loire,41269001,0.003247
loire,41281001,0.003247
loire,41285001,0.003247
loire,44002001,0.003247
loire,44003001,0.003247
loire,44004001,0.003247
loire,44015001,0.003247
loire,44020001,0.003247
loire,44021001,0.003247
loire,44021002,0.003247
loire,44051002,0.003247
loire,44067001,0.003247
loire,44068001,0.003247
loire,44069002,0.003247
loire,44070001,0.003247
loire,44072002,0.003247
loire,44077001,0.003247
loire,44087001,0.003247
loire,44097001,0.003247
loire,44103001,0.003247
loire,44109001,0.003247
loire,44109002,0.003247
loire,44109012,0.003247
loire,44110002,0.003247
loire,44113001,0.003247
loire,44117002,0.003247
loire,44120002,0.003247
loire,44120800,0.003247
loire,44129001,0.003247
loire,44131001,0.003247
loire,44131002,0.003247
loire,44154001,0.003247
loire,44168001,0.003247
loire,44180001,0.003247
loire,44180005,0.003247
loire,44181001,0.003247
loire,44184001,0.003247
loire,44188001,0.003247
loire,44195003,0.003247
loire,44199002,0.003247
loire,44217001,0.003247
loire,49007002,0.003247
loire,49007011,0.003247
loire,49008001,0.003247
loire,49020001,0.003247
loire,49021001,0.003247
loire,49022001,0.003247
loire,49023003,0.003247
loire,49027001,0.003247
loire,49027800,0.003247
loire,49029001,0.003247
loire,49050001,0.003247
loire,49054001,0.003247
loire,49054002,0.003247
loire,49068001,0.003247
loire,49080001,0.003247
loire,49092001,0.003247
loire,49099003,0.003247
loire,49127001,0.003247
loire,49138001,0.003247
loire,49149001,0.003247
loire,49176001,0.003247
loire,49180001,0.003247
loire,49188001,0.003247
loire,49191001,0.003247
loire,49201001,0.003247
loire,49206001,0.003247
loire,49215001,0.003247
loire,49215002,0.003247
loire,49216001,0.003247
loire,49218002,0.003247
loire,49228001,0.003247
loire,49244001,0.003247
loire,49248001,0.003247
loire,49248003,0.003247
loire,49276001,0.003247
loire,49281001,0.003247
loire,49282001,0.003247
loire,49298001,0.003247
loire,49307001,0.003247
loire,49328001,0.003247
loire,49331002,0.003247
loire,49331003,0.003247
loire,49333001,0.003247
loire,49347001,0.003247
loire,49368001,0.003247
loire,49373001,0.003247
loire,58006001,0.003247
loire,58010003,0.003247
loire,58015001,0.003247
loire,58019001,0.003247
loire,58023001,0.003247
loire,58024002,0.003247
loire,58036002,0.003247
loire,58037004,0.003247
loire,58059001,0.003247
loire,58059004,0.003247
loire,58060001,0.003247
loire,58061001,0.003247
loire,58062001,0.003247
loire,58064001,0.003247
loire,58065001,0.003247
loire,58079001,0.003247
loire,58079004,0.003247
loire,58080001,0.003247
loire,58086001,0.003247
loire,58086002,0.003247
loire,58089001,0.003247
loire,58092001,0.003247
loire,58095001,0.003247
loire,58099001,0.003247
loire,58102001,0.003247
loire,58104001,0.003247
loire,58106002,0.003247
loire,58106005,0.003247
loire,58108001,0.003247
loire,58109001,0.003247
loire,58118001,0.003247
loire,58119001,0.003247
loire,58120004,0.003247
loire,58125002,0.003247
loire,58128002,0.003247
loire,58131001,0.003247
loire,58132001,0.003247
loire,58140001,0.003247
loire,58145002,0.003247
loire,58146001,0.003247
loire,58148001,0.003247
loire,58149001,0.003247
loire,58160001,0.003247
loire,58160002,0.003247
loire,58177001,0.003247
loire,58185001,0.003247
loire,58199001,0.003247
loire,58204001,0.003247
loire,58210002,0.003247
loire,58215005,0.003247
loire,58218006,0.003247
loire,58223001,0.003247
loire,58227001,0.003247
loire,58230001,0.003247
loire,58238002,0.003247
loire,58264001,0.003247
loire,58281001,0.003247
loire,58286001,0.003247
loire,58303001,0.003247
loire,58303002,0.003247
loire,58304001,0.003247
loire,58304005,0.003247
provence,04001002,0.002597
provence,04006002,0.002597
provence,04006004,0.002597
provence,04006005,0.002597
provence,04006400,0.002597
provence,04018001,0.002597
provence,04019001,0.002597
provence,04019404,0.002597
provence,04022001,0.002597
provence,04023001,0.002597
provence,04024001,0.002597
provence,04024004,0.002597
provence,04027002,0.002597
provence,04033001,0.002597
provence,04034003,0.002597
provence,04039001,0.002597
provence,04041001,0.002597
provence,04045001,0.002597
provence,04049001,0.002597
provence,04051001,0.002597
provence,04068001,0.002597
provence,04070008,0.002597
provence,04070009,0.002597
provence,04076001,0.002597
provence,04088001,0.002597
provence,04088003,0.002597
provence,04096001,0.002597
provence,04096002,0.002597
provence,04096401,0.002597
provence,04099001,0.002597
provence,04101001,0.002597
provence,04106001,0.002597
provence,04112001,0.002597
provence,04112006,0.002597
provence,04112009,0.002597
provence,04112010,0.002597
provence,04115001,0.002597
provence,04123001,0.002597
provence,04126001,0.002597
provence,04134002,0.002597
provence,04134003,0.002597
provence,04136001,0.002597
provence,04158001,0.002597
provence,04158002,0.002597
provence,04160001,0.002597
provence,04172001,0.002597
provence,04173002,0.002597
provence,04184001,0.002597
provence,04189001,0.002597
provence,04192001,0.002597
provence,04193002,0.002597
provence,04193400,0.002597
provence,04194001,0.002597
provence,04205001,0.002597
provence,04205004,0.002597
provence,04209004,0.002597
provence,04209005,0.002597
provence,04217001,0.002597
provence,04217002,0.002597
provence,04219001,0.002597
provence,04222001,0.002597
provence,04226001,0.002597
provence,04230001,0.002597
provence,04230002,0.002597
provence,06004002,0.002597
provence,06004004,0.002597
provence,06004005,0.002597
provence,06004009,0.002597
provence,06004012,0.002597
provence,06005001,0.002597
provence,06006001,0.002597
provence,06010001,0.002597
provence,06015001,0.002597
provence,06015002,0.002597
provence,06016001,0.002597
provence,06016004,0.002597
provence,06022002,0.002597
provence,06023004,0.002597
provence,06029001,0.002597
provence,06033001,0.002597
provence,06033002,0.002597
provence,06037002,0.002597
provence,06038001,0.002597
provence,06044002,0.002597
provence,06048001,0.002597
provence,06048003,0.002597
provence,06050002,0.002597
provence,06051001,0.002597
provence,06052001,0.002597
provence,06056003,0.002597
provence,06056400,0.002597
provence,06057001,0.002597
provence,06059001,0.002597
provence,06059003,0.002597
provence,06069008,0.002597
provence,06071001,0.002597
provence,06071003,0.002597
provence,06073005,0.002597
provence,06073405,0.002597
provence,06074001,0.002597
provence,06074005,0.002597
provence,06075001,0.002597
provence,06075006,0.002597
provence,06075007,0.002597
provence,06077006,0.002597
provence,06079002,0.002597
provence,06081001,0.002597
provence,06083001,0.002597
provence,06083005,0.002597
provence,06083006,0.002597
provence,06084002,0.002597
provence,06086001,0.002597
provence,06088001,0.002597
provence,06088003,0.002597
provence,06088005,0.002597
provence,06088007,0.002597
provence,06088009,0.002597
provence,06090002,0.002597
provence,06091003,0.002597
provence,06091005,0.002597
provence,06091006,0.002597
provence,06092001,0.002597
provence,06094001,0.002597
provence,06094002,0.002597
provence,06094400,0.002597
provence,06099004,0.002597
provence,06102001,0.002597
provence,06103002,0.002597
provence,06106002,0.002597
provence,06116002,0.002597
provence,06118001,0.002597
provence,06118002,0.002597
provence,06119001,0.002597
provence,06120001,0.002597
provence,06120004,0.002597
provence,06120400,0.002597
provence,06120401,0.002597
provence,06121001,0.002597
provence,06125001,0.002597
provence,06127001,0.002597
provence,06127003,0.002597
provence,06127006,0.002597
provence,06129001,0.002597
provence,06130001,0.002597
provence,06130002,0.002597
provence,06135001,0.002597
provence,06136003,0.002597
provence,06136004,0.002597
provence,06136005,0.002597
provence,06148001,0.002597
provence,06149001,0.002597
provence,06150001,0.002597
provence,06152002,0.002597
provence,06153001,0.002597
provence,06153004,0.002597
provence,06153400,0.002597
provence,06154002,0.002597
provence,06157002,0.002597
provence,06158001,0.002597
provence,06163001,0.002597
provence,06163005,0.002597
provence,06163007,0.002597
provence,13001002,0.002597
provence,13001006,0.002597
provence,13001009,0.002597
provence,13004001,0.002597
provence,13004002,0.002597
provence,13004003,0.002597
provence,13004008,0.002597
provence,13004017,0.002597
provence,13005003,0.002597
provence,13005004,0.002597
provence,13010001,0.002597
provence,13021001,0.002597
provence,13022001,0.002597
provence,13022003,0.002597
provence,13027001,0.002597
provence,13028001,0.002597
provence,13030001,0.002597
provence,13030002,0.002597
provence,13031002,0.002597
provence,13035002,0.002597
provence,13036003,0.002597
provence,13037001,0.002597
provence,13042001,0.002597
provence,13047001,0.002597
provence,13050001,0.002597
provence,13053002,0.002597
provence,13054001,0.002597
provence,13055001,0.002597
provence,13055005,0.002597
provence,13055006,0.002597
provence,13055020,0.002597
provence,13055025,0.002597
provence,13055029,0.002597
provence,13056002,0.002597
provence,13056004,0.002597
provence,13059003,0.002597
provence,13060002,0.002597
provence,13062002,0.002597
provence,13071001,0.002597
provence,13074002,0.002597
provence,13074003,0.002597
provence,13077001,0.002597
provence,13077003,0.002597
provence,13078001,0.002597
provence,13078004,0.002597
provence,13080001,0.002597
provence,13082001,0.002597
provence,13085001,0.002597
provence,13086001,0.002597
provence,13087001,0.002597
provence,13089001,0.002597
provence,13091001,0.002597
provence,13091002,0.002597
provence,13092001,0.002597
provence,13096001,0.002597
provence,13096002,0.002597
provence,13097002,0.002597
provence,13097004,0.002597
provence,13100002,0.002597
provence,13103001,0.002597
provence,13108001,0.002597
provence,13110003,0.002597
provence,13111002,0.002597
provence,83001001,0.002597
provence,83002001,0.002597
provence,83002004,0.002597
provence,83004003,0.002597
provence,83004004,0.002597
provence,83007004,0.002597
provence,83008001,0.002597
provence,83008002,0.002597
provence,83009004,0.002597
provence,83009005,0.002597
provence,83011001,0.002597
provence,83012001,0.002597
provence,83016001,0.002597
provence,83018001,0.002597
provence,83019002,0.002597
provence,83023001,0.002597
provence,83026001,0.002597
provence,83028001,0.002597
provence,83031001,0.002597
provence,83035001,0.002597
provence,83035002,0.002597
provence,83037001,0.002597
provence,83042001,0.002597
provence,83043005,0.002597
provence,83044001,0.002597
provence,83044003,0.002597
provence,83046001,0.002597
provence,83049003,0.002597
provence,83049005,0.002597
provence,83050005,0.002597
provence,83050007,0.002597
provence,83051001,0.002597
provence,83056001,0.002597
provence,83061001,0.002597
provence,83061005,0.002597
provence,83061007,0.002597
provence,83067001,0.002597
provence,83068001,0.002597
provence,83069001,0.002597
provence,83069002,0.002597
provence,83069003,0.002597
provence,83069008,0.002597
provence,83069015,0.002597
provence,83069016,0.002597
provence,83070002,0.002597
provence,83072001,0.002597
provence,83074002,0.002597
provence,83075001,0.002597
provence,83077001,0.002597
provence,83080001,0.002597
provence,83083001,0.002597
provence,83086001,0.002597
provence,83093005,0.002597
provence,83101001,0.002597
provence,83102001,0.002597
provence,83102005,0.002597
provence,83104001,0.002597
provence,83108001,0.002597
provence,83113002,0.002597
provence,83115001,0.002597
provence,83116001,0.002597
provence,83116003,0.002597
provence,83116004,0.002597
provence,83116022,0.002597
provence,83118002,0.002597
provence,83118006,0.002597
provence,83118009,0.002597
provence,83119003,0.002597
provence,83124002,0.002597
provence,83126001,0.002597
provence,83133002,0.002597
provence,83133003,0.002597
provence,83137001,0.002597
provence,83138002,0.002597
provence,83145001,0.002597
provence,83147001,0.002597
provence,83148002,0.002597
provence,83150002,0.002597
provence,83153001,0.002597
provence,84001001,0.002597
provence,84003002,0.002597
provence,84003003,0.002597
provence,84005001,0.002597
provence,84007005,0.002597
provence,84009002,0.002597
provence,84014001,0.002597
provence,84014002,0.002597
provence,84015002,0.002597
provence,84017006,0.002597
provence,84017007,0.002597
provence,84020003,0.002597
provence,84020004,0.002597
provence,84022001,0.002597
provence,84025001,0.002597
provence,84026003,0.002597
provence,84028001,0.002597
provence,84031001,0.002597
provence,84031004,0.002597
provence,84033001,0.002597
provence,84033002,0.002597
provence,84035003,0.002597
provence,84035005,0.002597
provence,84036001,0.002597
provence,84037002,0.002597
provence,84039001,0.002597
provence,84044001,0.002597
provence,84051001,0.002597
provence,84052001,0.002597
provence,84054001,0.002597
provence,84055001,0.002597
provence,84057001,0.002597
provence,84060002,0.002597
provence,84064001,0.002597
provence,84066002,0.002597
provence,84068001,0.002597
provence,84069001,0.002597
provence,84073001,0.002597
provence,84074004,0.002597
provence,84075002,0.002597
provence,84076002,0.002597
provence,84078001,0.002597
provence,84079001,0.002597
provence,84082001,0.002597
provence,84085003,0.002597
provence,84085004,0.002597
provence,84086001,0.002597
provence,84087001,0.002597
provence,84088002,0.002597
provence,84089003,0.002597
provence,84091001,0.002597
provence,84094001,0.002597
provence,84095001,0.002597
provence,84103001,0.002597
provence,84107002,0.002597
provence,84108001,0.002597
provence,84110001,0.002597
provence,84115001,0.002597
provence,84118001,0.002597
provence,84118004,0.002597
provence,84121001,0.002597
provence,84122001,0.002597
provence,84122002,0.002597
provence,84122003,0.002597
provence,84123001,0.002597
provence,84123004,0.002597
provence,84125003,0.002597
provence,84126001,0.002597
provence,84127001,0.002597
provence,84129001,0.002597
provence,84130001,0.002597
provence,84133001,0.002597
provence,84137001,0.002597
provence,84138001,0.002597
provence,84138003,0.002597
provence,84140001,0.002597
provence,84143001,0.002597
provence,84144001,0.002597
provence,84145001,0.002597
provence,84145002,0.002597
provence,84150001,0.002597
rhone,07005001,0.002747
rhone,07005002,0.002747
rhone,07010001,0.002747
rhone,07011002,0.002747
rhone,07011004,0.002747
rhone,07012001,0.002747
rhone,07019005,0.002747
rhone,07025001,0.002747
rhone,07026001,0.002747
rhone,07032002,0.002747
rhone,07032003,0.002747
rhone,07033001,0.002747
rhone,07042001,0.002747
rhone,07064001,0.002747
rhone,07066001,0.002747
rhone,07066800,0.002747
rhone,07068001,0.002747
rhone,07069001,0.002747
rhone,07075001,0.002747
rhone,07088001,0.002747
rhone,07096001,0.002747
rhone,07099001,0.002747
rhone,07101001,0.002747
rhone,07101002,0.002747
rhone,07105001,0.002747
rhone,07105003,0.002747
rhone,07107001,0.002747
rhone,07110001,0.002747
rhone,07117001,0.002747
rhone,07117002,0.002747
rhone,07119001,0.002747
rhone,07128001,0.002747
rhone,07129001,0.002747
rhone,07131001,0.002747
rhone,07144001,0.002747
rhone,07148002,0.002747
rhone,07153001,0.002747
rhone,07154003,0.002747
rhone,07154005,0.002747
rhone,07159001,0.002747
rhone,07161001,0.002747
rhone,07161002,0.002747
rhone,07168001,0.002747
rhone,07172002,0.002747
rhone,07173001,0.002747
rhone,07185001,0.002747
rhone,07186001,0.002747
rhone,07187001,0.002747
rhone,07192001,0.002747
rhone,07199002,0.002747
rhone,07202002,0.002747
rhone,07204005,0.002747
rhone,07204008,0.002747
rhone,07225001,0.002747
rhone,07228001,0.002747
rhone,07230002,0.002747
rhone,07232001,0.002747
rhone,07237001,0.002747
rhone,07240001,0.002747
rhone,07261001,0.002747
rhone,07262001,0.002747
rhone,07262006,0.002747
rhone,07265001,0.002747
rhone,07265003,0.002747
rhone,07273001,0.002747
rhone,07279001,0.002747
rhone,07284002,0.002747
rhone,07286002,0.002747
rhone,07286004,0.002747
rhone,07294001,0.002747
rhone,07301002,0.002747
rhone,07315004,0.002747
rhone,07322001,0.002747
rhone,07324003,0.002747
rhone,07329001,0.002747
rhone,07330004,0.002747
rhone,07331001,0.002747
rhone,07334001,0.002747
rhone,07334003,0.002747
rhone,07334004,0.002747
rhone,07338001,0.002747
rhone,07338005,0.002747
rhone,07347001,0.002747
rhone,26002002,0.002747
rhone,26002003,0.002747
rhone,26035001,0.002747
rhone,26047001,0.002747
rhone,26050001,0.002747
rhone,26056001,0.002747
rhone,26059001,0.002747
rhone,26059400,0.002747
rhone,26063002,0.002747
rhone,26064001,0.002747
rhone,26071001,0.002747
rhone,26074001,0.002747
rhone,26086003,0.002747
rhone,26088001,0.002747
rhone,26100001,0.002747
rhone,26113003,0.002747
rhone,26115001,0.002747
rhone,26116002,0.002747
rhone,26124001,0.002747
rhone,26142001,0.002747
rhone,26165001,0.002747
rhone,26167001,0.002747
rhone,26168001,0.002747
rhone,26176001,0.002747
rhone,26177001,0.002747
rhone,26179001,0.002747
rhone,26182001,0.002747
rhone,26188001,0.002747
rhone,26189001,0.002747
rhone,26191001,0.002747
rhone,26198001,0.002747
rhone,26202001,0.002747
rhone,26203001,0.002747
rhone,26211001,0.002747
rhone,26220009,0.002747
rhone,26220010,0.002747
rhone,26234001,0.002747
rhone,26234002,0.002747
rhone,26235001,0.002747
rhone,26258001,0.002747
rhone,26258003,0.002747
rhone,26264002,0.002747
rhone,26273002,0.002747
rhone,26281001,0.002747
rhone,26281002,0.002747
rhone,26289001,0.002747
rhone,26290002,0.002747
rhone,26290400,0.002747
rhone,26292001,0.002747
rhone,26292002,0.002747
rhone,26295001,0.002747
rhone,26298001,0.002747
rhone,26307001,0.002747
rhone,26313001,0.002747
rhone,26321003,0.002747
rhone,26327001,0.002747
rhone,26328001,0.002747
rhone,26330001,0.002747
rhone,26330002,0.002747
rhone,26340001,0.002747
rhone,26348001,0.002747
rhone,26361001,0.002747
rhone,26362003,0.002747
rhone,26377003,0.002747
rhone,26380002,0.002747
rhone,30003001,0.002747
rhone,30004001,0.002747
rhone,30007004,0.002747
rhone,30009001,0.002747
rhone,30015002,0.002747
rhone,30032007,0.002747
rhone,30034003,0.002747
rhone,30055001,0.002747
rhone,30065001,0.002747
rhone,30068001,0.002747
rhone,30076001,0.002747
rhone,30081002,0.002747
rhone,30087002,0.002747
rhone,30093003,0.002747
rhone,30100001,0.002747
rhone,30101001,0.002747
rhone,30106001,0.002747
rhone,30123001,0.002747
rhone,30128001,0.002747
rhone,30129001,0.002747
rhone,30130001,0.002747
rhone,30132003,0.002747
rhone,30132004,0.002747
rhone,30133001,0.002747
rhone,30133005,0.002747
rhone,30138001,0.002747
rhone,30140001,0.002747
rhone,30151002,0.002747
rhone,30151004,0.002747
rhone,30153001,0.002747
rhone,30153003,0.002747
rhone,30154001,0.002747
rhone,30164001,0.002747
rhone,30166001,0.002747
rhone,30175001,0.002747
rhone,30176002,0.002747
rhone,30183001,0.002747
rhone,30189001,0.002747
rhone,30189002,0.002747
rhone,30200002,0.002747
rhone,30202002,0.002747
rhone,30209002,0.002747
rhone,30221001,0.002747
rhone,30224001,0.002747
rhone,30225002,0.002747
rhone,30227001,0.002747
rhone,30231001,0.002747
rhone,30231003,0.002747
rhone,30243001,0.002747
rhone,30258001,0.002747
rhone,30263001,0.002747
rhone,30269006,0.002747
rhone,30273001,0.002747
rhone,30276001,0.002747
rhone,30283001,0.002747
rhone,30297001,0.002747
rhone,30299001,0.002747
rhone,30305001,0.002747
rhone,30325001,0.002747
rhone,30325002,0.002747
rhone,30331001,0.002747
rhone,30332001,0.002747
rhone,30334001,0.002747
rhone,30334003,0.002747
rhone,30339001,0.002747
rhone,30339006,0.002747
rhone,30341001,0.002747
rhone,30341003,0.002747
rhone,30347001,0.002747
rhone,30349001,0.002747
rhone,30350001,0.002747
rhone,30352002,0.002747
rhone,69007001,0.002747
rhone,69008001,0.002747
rhone,69023002,0.002747
rhone,69026001,0.002747
rhone,69028001,0.002747
rhone,69029001,0.002747
rhone,69029002,0.002747
rhone,69032001,0.002747
rhone,69034003,0.002747
rhone,69034004,0.002747
rhone,69036003,0.002747
rhone,69058002,0.002747
rhone,69064002,0.002747
rhone,69066003,0.002747
rhone,69081001,0.002747
rhone,69097002,0.002747
rhone,69104001,0.002747
rhone,69107001,0.002747
rhone,69108001,0.002747
rhone,69114001,0.002747
rhone,69116001,0.002747
rhone,69122001,0.002747
rhone,69123002,0.002747
rhone,69123003,0.002747
rhone,69123023,0.002747
rhone,69135001,0.002747
rhone,69139002,0.002747
rhone,69141001,0.002747
rhone,69156001,0.002747
rhone,69158001,0.002747
rhone,69161001,0.002747
rhone,69174002,0.002747
rhone,69176001,0.002747
rhone,69180002,0.002747
rhone,69181001,0.002747
rhone,69192001,0.002747
rhone,69195002,0.002747
rhone,69196001,0.002747
rhone,69203001,0.002747
rhone,69204002,0.002747
rhone,69204003,0.002747
rhone,69206001,0.002747
rhone,69208001,0.002747
rhone,69211001,0.002747
rhone,69218001,0.002747
rhone,69234001,0.002747
rhone,69238001,0.002747
rhone,69239001,0.002747
rhone,69239002,0.002747
rhone,69244001,0.002747
rhone,69248003,0.002747
rhone,69249001,0.002747
rhone,69251001,0.002747
rhone,69253001,0.002747
rhone,69257001,0.002747
rhone,69258001,0.002747
rhone,69264001,0.002747
rhone,69266001,0.002747
rhone,69266002,0.002747
rhone,69272001,0.002747
rhone,69273001,0.002747
rhone,69286003,0.002747
rhone,69299001,0.002747
rhone,84001001,0.002747
rhone,84003002,0.002747
rhone,84003003,0.002747
rhone,84005001,0.002747
rhone,84007005,0.002747
rhone,84009002,0.002747
rhone,84014001,0.002747
rhone,84014002,0.002747
rhone,84015002,0.002747
rhone,84017006,0.002747
rhone,84017007,0.002747
rhone,84020003,0.002747
rhone,84020004,0.002747
rhone,84022001,0.002747
rhone,84025001,0.002747
rhone,84026003,0.002747
rhone,84028001,0.002747
rhone,84031001,0.002747
rhone,84031004,0.002747
rhone,84033001,0.002747
rhone,84033002,0.002747
rhone,84035003,0.002747
rhone,84035005,0.002747
rhone,84036001,0.002747
rhone,84037002,0.002747
rhone,84039001,0.002747
rhone,84044001,0.002747
rhone,84051001,0.002747
rhone,84052001,0.002747
rhone,84054001,0.002747
rhone,84055001,0.002747
rhone,84057001,0.002747
rhone,84060002,0.002747
rhone,84064001,0.002747
rhone,84066002,0.002747
rhone,84068001,0.002747
rhone,84069001,0.002747
rhone,84073001,0.002747
rhone,84074004,0.002747
rhone,84075002,0.002747
rhone,84076002,0.002747
rhone,84078001,0.002747
rhone,84079001,0.002747
rhone,84082001,0.002747
rhone,84085003,0.002747
rhone,84085004,0.002747
rhone,84086001,0.002747
rhone,84087001,0.002747
rhone,84088002,0.002747
rhone,84089003,0.002747
rhone,84091001,0.002747
rhone,84094001,0.002747
rhone,84095001,0.002747
rhone,84103001,0.002747
rhone,84107002,0.002747
rhone,84108001,0.002747
rhone,84110001,0.002747
rhone,84115001,0.002747
rhone,84118001,0.002747
rhone,84118004,0.002747
rhone,84121001,0.002747
rhone,84122001,0.002747
rhone,84122002,0.002747
rhone,84122003,0.002747
rhone,84123001,0.002747
rhone,84123004,0.002747
rhone,84125003,0.002747
rhone,84126001,0.002747
rhone,84127001,0.002747
rhone,84129001,0.002747
rhone,84130001,0.002747
rhone,84133001,0.002747
rhone,84137001,0.002747
rhone,84138001,0.002747
rhone,84138003,0.002747
rhone,84140001,0.002747
rhone,84143001,0.002747
rhone,84144001,0.002747
rhone,84145001,0.002747
rhone,84145002,0.002747
rhone,84150001,0.002747
savoie,73004001,0.004587
savoie,73004400,0.004587
savoie,73008003,0.004587
savoie,73011002,0.004587
savoie,73011004,0.004587
savoie,73013001,0.004587
savoie,73013002,0.004587
savoie,73015001,0.004587
savoie,73015400,0.004587
savoie,73017001,0.004587
savoie,73021001,0.004587
savoie,73023001,0.004587
savoie,73023401,0.004587
savoie,73024400,0.004587
savoie,73026001,0.004587
savoie,73034002,0.004587
savoie,73034400,0.004587
savoie,73040005,0.004587
savoie,73040400,0.004587
savoie,73040402,0.004587
savoie,73047401,0.004587
savoie,73051001,0.004587
savoie,73052001,0.004587
savoie,73052002,0.004587
savoie,73053001,0.004587
savoie,73054001,0.004587
savoie,73054401,0.004587
savoie,73055001,0.004587
savoie,73057001,0.004587
savoie,73064001,0.004587
savoie,73064002,0.004587
savoie,73065005,0.004587
savoie,73071403,0.004587
savoie,73082001,0.004587
savoie,73085001,0.004587
savoie,73093001,0.004587
savoie,73098002,0.004587
savoie,73098003,0.004587
savoie,73106001,0.004587
savoie,73107001,0.004587
savoie,73116001,0.004587
savoie,73123402,0.004587
savoie,73124001,0.004587
savoie,73132001,0.004587
savoie,73132003,0.004587
savoie,73132400,0.004587
savoie,73132403,0.004587
savoie,73138002,0.004587
savoie,73139001,0.004587
savoie,73139401,0.004587
savoie,73143003,0.004587
savoie,73144001,0.004587
savoie,73144404,0.004587
savoie,73146001,0.004587
savoie,73150004,0.004587
savoie,73150400,0.004587
savoie,73157002,0.004587
savoie,73157004,0.004587
savoie,73157400,0.004587
savoie,73158001,0.004587
savoie,73167001,0.004587
savoie,73171002,0.004587
savoie,73173400,0.004587
savoie,73175001,0.004587
savoie,73176400,0.004587
savoie,73179001,0.004587
savoie,73179002,0.004587
savoie,73181001,0.004587
savoie,73187002,0.004587
savoie,73187006,0.004587
savoie,73191001,0.004587
savoie,73191005,0.004587
savoie,73191800,0.004587
savoie,73194401,0.004587
savoie,73197001,0.004587
savoie,73206001,0.004587
savoie,73206400,0.004587
savoie,73215001,0.004587
savoie,73220001,0.004587
savoie,73227400,0.004587
savoie,73228002,0.004587
savoie,73229001,0.004587
savoie,73230002,0.004587
savoie,73232001,0.004587
savoie,73232400,0.004587
savoie,73235400,0.004587
savoie,73242001,0.004587
savoie,73242003,0.004587
savoie,73244001,0.004587
savoie,73248002,0.004587
savoie,73248003,0.004587
savoie,73255003,0.004587
savoie,73257001,0.004587
savoie,73257003,0.004587
savoie,73257004,0.004587
savoie,73257005,0.004587
savoie,73257400,0.004587
savoie,73257405,0.004587
savoie,73258001,0.004587
savoie,73261001,0.004587
savoie,73261003,0.004587
savoie,73276001,0.004587
savoie,73280001,0.004587
savoie,73280402,0.004587
savoie,73290002,0.004587
savoie,73296002,0.004587
savoie,73296005,0.004587
savoie,73296400,0.004587
savoie,73296406,0.004587
savoie,73297003,0.004587
savoie,73301001,0.004587
savoie,73303005,0.004587
savoie,73304004,0.004587
savoie,73304005,0.004587
savoie,73304402,0.004587
savoie,73304404,0.004587
savoie,73306005,0.004587
savoie,73306401,0.004587
savoie,73306403,0.004587
savoie,73307400,0.004587
savoie,73312001,0.004587
savoie,73318400,0.004587
savoie,73322001,0.004587
savoie,73322401,0.004587
savoie,73326001,0.004587
savoie,73329001,0.004587
savoie,73330001,0.004587
savoie,74001001,0.004587
savoie,74003001,0.004587
savoie,74014002,0.004587
savoie,74014004,0.004587
savoie,74014400,0.004587
savoie,74014402,0.004587
savoie,74014404,0.004587
savoie,74016001,0.004587
savoie,74024001,0.004587
savoie,74031001,0.004587
savoie,74033400,0.004587
savoie,74034001,0.004587
savoie,74035001,0.004587
savoie,74037002,0.004587
savoie,74042003,0.004587
savoie,74043001,0.004587
savoie,74045001,0.004587
savoie,74051002,0.004587
savoie,74056001,0.004587
savoie,74056004,0.004587
savoie,74056005,0.004587
savoie,74056006,0.004587
savoie,74056400,0.004587
savoie,74056402,0.004587
savoie,74056405,0.004587
savoie,74056416,0.004587
savoie,74056417,0.004587
savoie,74056418,0.004587
savoie,74056421,0.004587
savoie,74060001,0.004587
savoie,74063002,0.004587
savoie,74063404,0.004587
savoie,74063405,0.004587
savoie,74080002,0.004587
savoie,74080403,0.004587
savoie,74080404,0.004587
savoie,74081002,0.004587
savoie,74081003,0.004587
savoie,74083002,0.004587
savoie,74085001,0.004587
savoie,74085406,0.004587
savoie,74087001,0.004587
savoie,74093001,0.004587
savoie,74105002,0.004587
savoie,74110001,0.004587
savoie,74116002,0.004587
savoie,74117001,0.004587
savoie,74119002,0.004587
savoie,74119003,0.004587
savoie,74123002,0.004587
savoie,74133001,0.004587
savoie,74134002,0.004587
savoie,74134400,0.004587
savoie,74135001,0.004587
savoie,74136003,0.004587
savoie,74136005,0.004587
savoie,74136400,0.004587
savoie,74136403,0.004587
savoie,74137001,0.004587
savoie,74140002,0.004587
savoie,74143003,0.004587
savoie,74173001,0.004587
savoie,74173400,0.004587
savoie,74182001,0.004587
savoie,74187001,0.004587
savoie,74189001,0.004587
savoie,74191003,0.004587
savoie,74191406,0.004587
savoie,74193001,0.004587
savoie,74203001,0.004587
savoie,74208005,0.004587
savoie,74211002,0.004587
savoie,74221001,0.004587
savoie,74236002,0.004587
savoie,74241001,0.004587
savoie,74252001,0.004587
savoie,74256001,0.004587
savoie,74258002,0.004587
savoie,74263001,0.004587
savoie,74266001,0.004587
savoie,74270400,0.004587
savoie,74280001,0.004587
savoie,74281001,0.004587
savoie,74285001,0.004587
savoie,74285002,0.004587
savoie,74286001,0.004587
savoie,74286400,0.004587
savoie,74289001,0.004587
savoie,74290002,0.004587
savoie,74290003,0.004587
savoie,74292001,0.004587
